{
    "classes":7,
    "label2train":[
      [0, 0],
      [1, 250],
      [2, 250],
      [3, 1],
      [4, 250],
      [5, 9],
      [6, 11],
      [7, 250],
      [8, 12],
      [9, 17],
      [10, 18],
      [11, 250],
      [12, 13],
      [13, 14],
      [14, 15],
      [15, 250],
      [16, 250],
      [17, 16],
      [18, 250],
      [19, 250],
      [20, 3],
      [21, 4],
      [22, 250],
      [23, 250],
      [24, 7],
      [25, 6],
      [26, 5],
      [27, 250],
      [28, 250],
      [29, 2],
      [30, 250],
      [31, 250],
      [32, 8],
      [33, 10],
      [34, 250],
      [35, 250],
      [36, 250],
      [37, 250],
      [38, 250],
      [39, 250]],
    "label":[
      "road",
      "sidewalk",
      "building",
      "wall",
      "fence",
      "pole",
      "light",
      "sign",
      "vegetation",
      "terrain",
      "sky",
      "person",
      "rider",
      "car",
      "truck",
      "bus",
      "train",
      "motocycle",
      "bicycle"],
    "palette":[
      [128,64,128],
      [244,35,232],
      [70,70,70],
      [102,102,156],
      [190,153,153],
      [153,153,153],
      [250,170,30],
      [220,220,0],
      [107,142,35],
      [152,251,152],
      [70,130,180],
      [220,20,60],
      [255,0,0],
      [0,0,142],
      [0,0,70],
      [0,60,100],
      [0,80,100],
      [0,0,230],
      [119,11,32],
      [0,0,0]],
    "mean":[
      73.158359210711552,
      82.908917542625858,
      72.392398761941593],
    "std":[
      47.675755341814678,
      48.494214368814916,
      47.736546325441594]
  }
  